uuid,event_id,category,type,value,comment,to_ids,date,object_relation,attribute_tag,object_uuid,object_name,object_meta_category
"5de92e04-9b58-4b85-8f3e-48db4408d3d7",285147,"Payload delivery","sha256","0c77b260ee3fdd2754cd4f289efce709519aad34fa3cb84663655a6240e45973","",1,1575562756,"","","","",""
"5de92e04-c308-4550-a841-48db4408d3d7",285147,"Payload delivery","md5","0e0b7b238a06a2a37a4de06a5ab5e615","",1,1575562756,"","","","",""
"5de92e04-651c-4a67-9380-48db4408d3d7",285147,"Payload delivery","md5","0f3deda483df5e5f8043ea20297d243b","",1,1575562756,"","","","",""
"5de92e04-a7d0-4fdd-b1b7-48db4408d3d7",285147,"Payload delivery","sha256","f3e0b5808c1394c884b4b2c7fa0c0955f7b544959a46b8839b76c8d8e2735413","",1,1575562756,"","","","",""
"5de92e04-c578-4be3-8027-48db4408d3d7",285147,"Payload delivery","sha256","d421d9b0cc9ce69fc4dea1d4bd230b666b15868e4778d227ead38b7572463253","",1,1575562756,"","","","",""
"5de92e04-a2c0-4eb3-ac82-48db4408d3d7",285147,"Payload delivery","sha256","cc496cec38bbc72bae3cb64416baca38b3706443c4f360bd4ba8300d64b210d2","",1,1575562756,"","","","",""
"5de92e04-d1d4-425a-9749-48db4408d3d7",285147,"Payload delivery","sha256","a5590a987d125a8ca6629e33e3ff1f3eb7d5f41f62133025d3476e1a6e4c6130","",1,1575562756,"","","","",""
"5de92e04-aea4-4c54-9c19-48db4408d3d7",285147,"Payload delivery","sha256","cb30eb1fd6d68346bcfc9bdf8b07b0724e592c7aa226ef2d860a11e6e1053b88","",1,1575562756,"","","","",""
"5de92e04-13d4-44ef-955c-48db4408d3d7",285147,"Payload delivery","sha256","ca398dd578686f98ad8eb6a8ec8892f58da9e710770e8f84cab83cf7e257265f","",1,1575562756,"","","","",""
"5de92e04-a3c0-47aa-ad08-48db4408d3d7",285147,"Payload delivery","sha256","945eba7df754d6afc26b06da3789df79e6581a3aa3085429169e84d8b478ba7a","",1,1575562756,"","","","",""
"5de92e04-de1c-47fd-91d4-48db4408d3d7",285147,"Payload delivery","sha256","6c8d25388b0e79b16791bdf291dfe59a92a7a32a6f5925f112818efa556683fe","",1,1575562756,"","","","",""
"5de92e05-27e8-4d34-a466-48db4408d3d7",285147,"Payload delivery","sha256","be77104dce95e1c9d81f6316061cdda6b1c1e614e6eb0dd9b898e0004368def7","",1,1575562757,"","","","",""
"5de92e05-b9a4-403c-b83c-48db4408d3d7",285147,"Payload delivery","sha256","a127323192abed93aed53648d03ca84de3b5b006b641033eb46a520b7a3c16fc","",1,1575562757,"","","","",""
"5de92e05-ae30-4773-aa26-48db4408d3d7",285147,"Payload delivery","sha256","8f920394f9ca877b0be89c51dc31a0a410f628e1155ad0106d4fe7c52b3fce1d","",1,1575562757,"","","","",""
"5de92e05-157c-4c2e-ad2a-48db4408d3d7",285147,"Payload delivery","sha256","505c0ca5ad0552cce9e047c27120c681ddce127d13afa8a8ad96761b2487191b","",1,1575562757,"","","","",""
"5de92e05-1708-49ac-8eb2-48db4408d3d7",285147,"Payload delivery","sha256","6a07996bc77bc6fe54acc8fd8d5551a00deaea3cc48f097f18955b06098c4bd3","",1,1575562757,"","","","",""
"5de92e05-2080-4709-9e22-48db4408d3d7",285147,"Payload delivery","sha256","688994783ce56427f20e6e2d206e5eee009fcc157ba37737dce1b14a326cc612","",1,1575562757,"","","","",""
"5de92e05-2548-43fa-9dbd-48db4408d3d7",285147,"Payload delivery","sha256","69a44e62abd294bb262906814ce385296eafaa8f0fab82c8c453c19796839549","",1,1575562757,"","","","",""
"5de92e05-419c-4c02-98dc-48db4408d3d7",285147,"Payload delivery","sha256","572b2dad5fca5f1dab7c18afa986fe7ef639e7892776593fc7636ff03ff783bc","",1,1575562757,"","","","",""
"5de92e05-16b8-4248-a31b-48db4408d3d7",285147,"Payload delivery","sha256","022076c2c8f1555ee98a08ff5714aa1db20e1841fe3b8d1362fed0d6bef1c87d","",1,1575562757,"","","","",""
"5de92e05-9b44-491d-90c1-48db4408d3d7",285147,"Payload delivery","sha256","267a9dcf77c33a1af362e2080aaacc01a7ca075658beb002ab41e0712ffe066e","",1,1575562757,"","","","",""
"5de92e05-d054-49d9-94bc-48db4408d3d7",285147,"Payload delivery","sha256","21451efac2e7826ce8d52ff62a63a14a84f4040c26888b57e94a3957cadc0dde","",1,1575562757,"","","","",""
"5de92e05-17f4-453b-8d88-48db4408d3d7",285147,"Payload delivery","sha256","08ecdcae44caaf283612f9ac8bca279216a5f0070c013a6247e147852940ccd5","",1,1575562757,"","","","",""
"5de92e05-314c-4d0a-bfdf-48db4408d3d7",285147,"Network activity","ip-dst","104.25.2.33","",1,1575562757,"","","","",""
"5de92e05-6620-4b72-8918-48db4408d3d7",285147,"Network activity","ip-dst","185.22.172.48","",1,1575562757,"","","","",""
"5de92e06-fc88-41fa-97fc-48db4408d3d7",285147,"Network activity","ip-dst","185.220.101.9","",1,1575562758,"","","","",""
"5de92e07-de0c-4e80-9e8c-48db4408d3d7",285147,"Network activity","ip-dst","192.35.177.64","",1,1575562759,"","","","",""
"5de92e07-ce2c-4492-a44a-48db4408d3d7",285147,"Network activity","ip-dst","195.189.96.152","",1,1575562759,"","","","",""
"5de92e07-5ce8-4017-976e-48db4408d3d7",285147,"Payload delivery","sha256","1ab8feefd67f3706a42f996a3291d24a7ab2c5eb67d98236eb73995d587576ad","",1,1575562759,"","","","",""
"5de92e07-31e8-4505-9660-48db4408d3d7",285147,"Network activity","ip-dst","37.120.174.249","",1,1575562759,"","","","",""
"5de92e07-d934-4333-844a-48db4408d3d7",285147,"Network activity","ip-dst","38.229.72.19","",1,1575562759,"","","","",""
"5de92e07-e828-48fb-9736-48db4408d3d7",285147,"Payload delivery","sha256","3ecb650c471d7c8291d084fffd634da0eddc9a473d29792d5033fe5fdcbf4ddd","",1,1575562759,"","","","",""
"5de92e08-89b0-4eb7-942e-48db4408d3d7",285147,"Payload delivery","sha256","5078a0940abc31a7fa271483ac345044a91a0e21c517bceb85091cd3fca310f7","",1,1575562760,"","","","",""
"5de92e08-4524-470e-8141-48db4408d3d7",285147,"Network activity","ip-dst","54.225.92.64","",1,1575562760,"","","","",""
"5de92e08-0040-4564-bcbd-48db4408d3d7",285147,"Payload delivery","sha256","62c3b52b5310393dbf0590bc246161249632a1d2f21c3aa7fb779dc8018a0edf","",1,1575562760,"","","","",""
"5de92e08-03cc-4da2-8729-48db4408d3d7",285147,"Payload delivery","sha256","64d187bed40d023e14d41b1a80d528f5c12dcf743fcb4de91530567d3244e09e","",1,1575562760,"","","","",""
"5de92e08-a078-4afe-88d7-48db4408d3d7",285147,"Payload delivery","sha1","703f5f6a5130868a7c3ec06b40b9f37656c86d24","",1,1575562760,"","","","",""
"5de92e08-e62c-44a0-bb06-48db4408d3d7",285147,"Payload delivery","sha1","70dac7f3934659e583f962e7c5bff51a4b97dd11","",1,1575562760,"","","","",""
"5de92e08-7574-4455-a636-48db4408d3d7",285147,"Payload delivery","sha256","77689e7752470501d26cf8a5e2eb9b4e1ac372b27b2151268e0acf024e355f99","",1,1575562760,"","","","",""
"5de92e08-3c84-4d7d-9dd1-48db4408d3d7",285147,"Network activity","ip-dst","81.7.9.33","",1,1575562760,"","","","",""
"5de92e08-2dcc-41d0-83a7-48db4408d3d7",285147,"Payload delivery","sha256","81dab2787f72997afb09fb98ada159f78c3e93f9d3fa83f844e580620d08322a","",1,1575562760,"","","","",""
"5de92e08-e060-4de4-b7aa-48db4408d3d7",285147,"Payload delivery","sha256","87fb207ae29baa300c2377625b745667a516e2243e1904ef81b4f7b97b5da1b0","",1,1575562760,"","","","",""
"5de92e08-4b34-473c-ba8d-48db4408d3d7",285147,"Network activity","ip-dst","91.229.20.27","",1,1575562760,"","","","",""
"5de92e08-33d0-4acc-89f9-48db4408d3d7",285147,"Payload delivery","sha256","9875c102bbe89ad636096efca6b04d6b843529eb9717d822f7b0b42a087c7332","",1,1575562760,"","","","",""
"5de92e08-dbb0-4af6-8949-48db4408d3d7",285147,"Payload delivery","sha256","a0170a01e656cf7089a0d68a1803c3e2ba64ba8996c8eb5ffa8098940cb4c0ec","",1,1575562760,"","","","",""
"5de92e09-bc84-4654-a0a6-48db4408d3d7",285147,"Payload delivery","sha256","b9b4511065cb56bd162e143c22cf2afe32e3ee6617ba5a4852182cb0781f18f1","",1,1575562761,"","","","",""
"5de92e09-e95c-4bb0-b383-48db4408d3d7",285147,"Payload delivery","sha256","bf480a5862210b9e033f270379bb95c1d1fadd16bf0d21db5bfbc9268ae595ac","",1,1575562761,"","","","",""
"5de92e09-ca08-4001-8546-48db4408d3d7",285147,"Payload delivery","sha256","c6f43bedad8b0c3f60d71a2a6c1fab297e144483f17deeb5150bdbe6c73755a4","",1,1575562761,"","","","",""
"5de92e09-aaa0-42e0-b41d-48db4408d3d7",285147,"Payload delivery","sha256","d746e41e18bb637062881aca207186dc3d005e79c857e025f89ce2a1b3e52ecf","",1,1575562761,"","","","",""
"5de92e09-5c78-49a5-94d8-48db4408d3d7",285147,"Payload delivery","sha256","d9edee0541b9a5baf2cb2b1915aef1d034efd4edd4b3c030b508669da1e2aaf2","",1,1575562761,"","","","",""
"5de92e09-8f68-447a-bb68-48db4408d3d7",285147,"Payload delivery","sha256","db627ff946ff64910cf909c81ae51294c4bb6477ee2c620aae1d0f7a7208b6b5","",1,1575562761,"","","","",""
"5de92e09-253c-4abd-893b-48db4408d3d7",285147,"Payload delivery","sha256","f4909c420e208e4728116e8b0f4254c9f741d864f9618cddbe3f51b71f602066","",1,1575562761,"","","","",""
"5de92e09-a7bc-409f-8b8c-48db4408d3d7",285147,"Payload delivery","sha256","fa2993f2455971244350178008cc671fb739b53d79b594c80e69047421ce1666","",1,1575562761,"","","","",""
"5de92e09-97d4-42e9-9b03-48db4408d3d7",285147,"Payload delivery","filename","h0ecrnc4.exe","",1,1575562761,"","","","",""
"5de92e09-5918-43b0-a119-48db4408d3d7",285147,"Network activity","url","http://193.32.161.69/1.exe","",1,1575562761,"","","","",""
"5de92e09-6424-4726-8da9-48db4408d3d7",285147,"Network activity","url","http://193.32.161.77/o.exe","",1,1575562761,"","","","",""
"5de92e09-2d10-465d-add1-48db4408d3d7",285147,"Network activity","url","http://92.63.197.153/1.exe","",1,1575562761,"","","","",""
"5de92e09-e1a4-44aa-86a5-48db4408d3d7",285147,"Network activity","url","http://92.63.197.153/22.exe","",1,1575562761,"","","","",""
"5de92e09-da24-48fd-94f5-48db4408d3d7",285147,"Network activity","url","http://92.63.197.38/1.exe","",1,1575562761,"","","","",""
"5de92e09-250c-4531-901a-48db4408d3d7",285147,"Network activity","url","http://92.63.197.48/m.exe","",1,1575562761,"","","","",""
"5de92e09-4b78-4ebe-83b5-48db4408d3d7",285147,"Network activity","url","http://aiiaiafrzrueuedur.ru/m.exe","",1,1575562761,"","","","",""
"5de92e0a-cb38-4880-b06d-48db4408d3d7",285147,"Network activity","url","http://fafhoafouehfuh.su/22.exe","",1,1575562762,"","","","",""
"5de92e0a-49fc-4f1b-9273-48db4408d3d7",285147,"Network activity","url","http://osheoufhusheoghuesd.ru/o.exe","",1,1575562762,"","","","",""
"5de92e0a-0cd4-40ee-af08-48db4408d3d7",285147,"Network activity","url","http://ouhfuosuoosrhfzr.su/1.exe","",1,1575562762,"","","","",""
"5de92e0a-93b0-45e9-a144-48db4408d3d7",285147,"Network activity","url","http://unokaoeojoejfghr.ru/m.exe","",1,1575562762,"","","","",""
"5de92e0a-860c-4591-8f15-48db4408d3d7",285147,"Network activity","url","https://pastebin.com/raw/NE3TJ3z1","",1,1575562762,"","","","",""
"5de92e0a-b4f8-4c98-b864-48db4408d3d7",285147,"Network activity","domain","nemty.hk","",1,1575562762,"","","","",""
"5de92e0a-6c8c-4982-ae22-48db4408d3d7",285147,"Network activity","domain","zjoxyw5mkacojk5ptn2iprkivg5clow72mjkyk5ttubzxprjjnwapkad.onion","",1,1575562762,"","","","",""
"5de92f20-7908-4619-b856-3eb2ac17511b",285147,"Other","comment","McAfee’s Advanced Threat Research Team observed how a new ransomware family named ‘Nemty’ appeared on 20 August 2019. Nemty belongs to another Ransomware-as-a-Service (RaaS) model and we observed how it is being delivered by using:
•	Exploit Kits: RIG Exploit Kit in September 2019
•	Paypal Dummy sites: September 2019
•	RDP attacks: Affiliates using this method in all the campaign
•	Botnet: Distributed through Phorpiex botnet in November 2019
•	Loader: SmokeBot","",0,1576252981,"","","","",""
"5de93116-3ad8-4e5f-9fff-4941ac17511b",285147,"External analysis","link","https://github.com/advanced-threat-research/Yara-Rules/tree/master/ransomware","",0,1575563542,"","","","",""
"5e870e1b-0d70-4290-882e-33254408d3d7",285147,"Payload delivery","sha256","64a1ce2faa2ab624afcbbbb6f43955e116b6c170d705677dba6c4818770903aa","",1,1585909275,"","","","",""
"5e870e1b-d7cc-404c-805e-33254408d3d7",285147,"Payload delivery","sha256","c537c695843ab87903a9dbc2b9466dfbe06e8e0dde0c4703cbac0febeb79353a","",1,1585909275,"","","","",""
"5e870e1b-6b88-4fae-8c3d-33254408d3d7",285147,"Payload delivery","sha256","8e6f56fef6ef12a9a201cad3be2d0bca4962b2745f087da34eaa4af0bd09b75f","",1,1585909275,"","","","",""
"5e870e1b-2924-4221-8edf-33254408d3d7",285147,"Payload delivery","sha256","ca46814881f2d6698f64f31e8390fe155b9fd0d8f50b6ab304725a2251434aa7","",1,1585909275,"","","","",""
"5e870e1b-d9c4-49a3-8769-33254408d3d7",285147,"Payload delivery","sha256","5d04d789d66152e3fc0a2d84a53c3d7aa0f5d953c1a946619deeb699f3866e26","",1,1585909275,"","","","",""
"5e870e1c-8fb0-489e-ae20-33254408d3d7",285147,"Payload delivery","sha256","a743d29eb16f9b4a59b2fd8c89e59053bdccce362f544fe82974e80d580c88f6","",1,1585909276,"","","","",""
"5e870e1c-0c1c-4e40-b457-33254408d3d7",285147,"Payload delivery","sha256","5439452012a052851fdd0625abc4559302b9d4f4580e2ec98680e9947841d75d","",1,1585909276,"","","","",""
"5e870e1c-3d74-4573-b7ca-33254408d3d7",285147,"Payload delivery","sha256","20d432c171ec17e7c5105f032210a96ea726ffc52154b79ec43acd62d6e3f304","",1,1585909276,"","","","",""
"5e870e1c-ef0c-4b07-be90-33254408d3d7",285147,"Payload delivery","sha256","9fad280bb034a4683be9ab4a35d2859e61dc796a6134436b4403c2cb9a9ebfea","",1,1585909276,"","","","",""
"5e870e1c-2b0c-46be-a816-33254408d3d7",285147,"Payload delivery","sha256","7c1aaccca9dd236b9271c734d987d0fccc3e91bfa4c445c5e1c7c41e61ffe3ca","",1,1585909276,"","","","",""
"5e870e1c-52a0-4a03-9675-33254408d3d7",285147,"Payload delivery","sha256","2f2aeb72dd127057fac1eeefdc0539fc3fa7bdff36d288bd7e20f2756194253d","",1,1585909276,"","","","",""
"5e870e1c-ccd0-40eb-8531-33254408d3d7",285147,"Payload delivery","sha256","6b3fea34cb8bb5cc6d698e30933884e1fe55c942d8768da85eb1c8085525bb41","",1,1585909276,"","","","",""
"5e870e1c-df50-4ce1-95bd-33254408d3d7",285147,"Payload delivery","sha256","345380e840249081cba552af4ab28d7c65d4052f6e4bedd748b673b8853e6e96","",1,1585909276,"","","","",""
"5e870e1c-7940-417f-84b7-33254408d3d7",285147,"Payload delivery","sha256","0f6e82387a5fe0f64d7cec15466b17a623aa8faaf9971df3c49ab65d49d1422e","",1,1585909276,"","","","",""
"5e870e1c-6460-46bd-807d-33254408d3d7",285147,"Payload delivery","sha256","4b86f102eff21382c1a40a28bd4db19356e1efd323336bcec6645e68592e754a","",1,1585909276,"","","","",""
"5e870e1c-d408-439b-9cfb-33254408d3d7",285147,"Payload delivery","sha256","b604a25ae4a668170bf28bfc885d0e137f4ff3a29eb7f772ba7098ecfb9bacb3","",1,1585909276,"","","","",""
"5e870e1c-9cb0-4a77-977e-33254408d3d7",285147,"Payload delivery","sha256","664b45ba61cf7e17012b22374c0c2a52a2e661e9c8c1c40982137c910095179a","",1,1585909276,"","","","",""
"5e870e1c-fc2c-4008-a8c6-33254408d3d7",285147,"Payload delivery","sha256","536209365d143bf90a44f063eff9254639d7976b2f77edcc2a0ff6ac1e5a5464","",1,1585909276,"","","","",""
"5e870e1c-b180-4ae9-8adb-33254408d3d7",285147,"Payload delivery","sha256","e29d154b067f298bab794d9f85ee7b3d58ebf17b56f6cff6601fb6ce48482f09","",1,1585909276,"","","","",""
"5e870e1d-2548-498e-bc15-33254408d3d7",285147,"Payload delivery","sha256","c2a32b7094f4c171a56ca9da3005e7cc30489ae9d2020a6ccb53ff02b32e0be3","",1,1585909277,"","","","",""
"5e870e1d-0570-4995-9045-33254408d3d7",285147,"Payload delivery","sha256","5d58c85ba5bd7a4ca3d5ade7bff08942a12399f82defa370691524d8797a1095","",1,1585909277,"","","","",""
"5e870e1d-1d04-4ed6-831e-33254408d3d7",285147,"Payload delivery","sha256","c8d44e8c91ed028626a8e2b3a526627790a2ac3e7078316172e35371fb984eee","",1,1585909277,"","","","",""
"5e870e1d-8860-4344-9632-33254408d3d7",285147,"Payload delivery","sha256","7eb2b5125f9fbcc2672c05031456b6a2432c8921e9fa561bb7d7fa72010638b0","",1,1585909277,"","","","",""
"5e870e1d-e7e0-4c91-a890-33254408d3d7",285147,"Payload delivery","sha256","06c1428e1a41c30b80a60b5b136d7cb4a8ffb2f4361919ef7f72a6babb223dd3","",1,1585909277,"","","","",""
"5e870e1d-9444-49cf-bc61-33254408d3d7",285147,"Payload delivery","sha256","66e55d3ffc0dcc4c8db135474cb8549072f8b1015742038f2ebb60d8c5dbd77c","",1,1585909277,"","","","",""
"5e870e1d-4da8-4873-868d-33254408d3d7",285147,"Payload delivery","sha256","7fab9295f28e9a6e746420cdf39a37fe2ae3a1c668e2b3ae08c9de2de4c10024","",1,1585909277,"","","","",""
"5e870e1d-42d0-4bbb-a898-33254408d3d7",285147,"Payload delivery","sha256","bf3368254c8e62f17e610273e53df6f29cccc9c679245f55f9ee7dc41343c384","",1,1585909277,"","","","",""
"5e870e1d-f754-4930-9694-33254408d3d7",285147,"Payload delivery","sha256","eb98285ef506aa5b6d38bbd441db692b832f7ed1b9cb1dc4e2fec45369c8432a","",1,1585909277,"","","","",""
"5e870e1d-6190-457f-ba92-33254408d3d7",285147,"Payload delivery","sha256","676224fb3ab782fc096351c2419ebd8f7df95a9180407f725c57e72d2bbec5b1","",1,1585909277,"","","","",""
"5e870e1d-4f70-4b45-a639-33254408d3d7",285147,"Payload delivery","sha256","9b5067d5e7f7fbf52b5069f5557d5b0cf45752a6b720f5a737b412600da8c845","",1,1585909277,"","","","",""
"5e870e1d-5e88-4e97-8770-33254408d3d7",285147,"Payload delivery","sha256","30832d5709f93b16a6972fca9159fbd886a4e9815ef0f029fade5ca663e9761e","",1,1585909277,"","","","",""
"5e870e1d-13dc-456a-99bb-33254408d3d7",285147,"Payload delivery","sha256","e5527d1bfc8b1448dcd698f23ac7142a066bb19b6109ef1c92df4d6214aa2d6a","",1,1585909277,"","","","",""
"5e870e1d-d4e4-4deb-969a-33254408d3d7",285147,"Payload delivery","sha256","c09272b4a547aa5e675f9da4baf70670bd192b1dfd8dd33b52a42ee83f782cac","",1,1585909277,"","","","",""
"5e870e1d-a760-49b1-a68d-33254408d3d7",285147,"Payload delivery","sha256","aa36aa7425e9591531d5dad33b7e1de7ffbe980376fc39a7961133f5df8ab31a","",1,1585909277,"","","","",""
"5e870e1d-d54c-4e80-8790-33254408d3d7",285147,"Payload delivery","sha256","a54bca66aac95cb281d313375e38cd8058ace1e07c5176995531da241c50dbd6","",1,1585909277,"","","","",""
"5e870e1d-eea0-4261-b7e2-33254408d3d7",285147,"Payload delivery","sha256","63ed68751000f7004bf951bc4a4c22799a94d28602f4022d901b6558ff93b46b","",1,1585909277,"","","","",""
"5e870e1e-579c-4a66-b849-33254408d3d7",285147,"Payload delivery","sha256","fe639627cf827e72c30992c627fffd458f7afb86d5b87e811415b87c2276e59c","",1,1585909278,"","","","",""
"5e870e1e-554c-4825-ae3f-33254408d3d7",285147,"Payload delivery","sha256","74f8c39f3b0e4338eeaabad97c9303139336be9ebe059501a78174570540eb9e","",1,1585909278,"","","","",""
"5e870e1e-0194-49a3-92c4-33254408d3d7",285147,"Payload delivery","sha256","0a472cb6772f554afc9720064a0ba286ddc02250b9249cace39b3bdd77b5265c","",1,1585909278,"","","","",""
"5e870e1e-7b70-4bb8-ab53-33254408d3d7",285147,"Payload delivery","sha256","0a0fb6e146bf8473b8931c3775529b2a0c8baf0db9afae7d3bb53f3d1da8c6ca","",1,1585909278,"","","","",""
"5e870e1e-e38c-4a13-9620-33254408d3d7",285147,"Payload delivery","sha256","0285a046ecaa82e685275ea53ae56134cb992991ef0d2ac5af3f5c15ebd136cc","",1,1585909278,"","","","",""
"5e870e1e-499c-4e2f-b9a9-33254408d3d7",285147,"Payload delivery","sha256","3d852ca618763ced2e280f0c0079e804935b70dcd4adc3912c2e2b3965e196c4","",1,1585909278,"","","","",""
"5e870e1e-de70-484c-a17f-33254408d3d7",285147,"Payload delivery","sha256","4f3c6b42a2182b530f44d37fb82df8c2e1ca3858bfdd6d921aa363efe3e6e7bb","",1,1585909278,"","","","",""
"5e870e1e-f1e8-4e75-b65d-33254408d3d7",285147,"Payload delivery","sha256","3d9742b2ca3756645f88e885d1dadb2827a19f01ca6fb4a5170f2888cced35e1","",1,1585909278,"","","","",""
"5e870e1e-1d20-487c-8d8a-33254408d3d7",285147,"Payload delivery","sha256","a2f6c36cb8f46207028fbd3f3b69e306d3bdc4fc0391cfda5609812df880be07","",1,1585909278,"","","","",""
"5e870e1e-9be0-4a5c-bd7c-33254408d3d7",285147,"Payload delivery","sha256","b3dbfbd64088691b4bf07b9001890bc60ff7f95fb44acdc20d95e8dd3c72c050","",1,1585909278,"","","","",""
"5e870e1e-5b3c-491d-b260-33254408d3d7",285147,"Payload delivery","sha256","5e4a090b75ca915fc42a149c7ddfba0dbe1a6846fe3b36249923549656c31218","",1,1585909278,"","","","",""
"5e870e1f-29ac-42f0-9b0b-33254408d3d7",285147,"Payload delivery","sha256","a7558decb9516122781243e791c982977660152813817fb7ed00359365fcb0d3","",1,1585909279,"","","","",""
"5e870e1f-6a54-495e-a8ec-33254408d3d7",285147,"Payload delivery","sha256","b2c11e6126a7de326e5fef14679279bf9fa920b7ba7142984d99790d89155b69","",1,1585909279,"","","","",""
"5e870e1f-10f8-47d9-b58a-33254408d3d7",285147,"Payload delivery","sha256","4379f688682395f0ebcd70acd14c304a1074928198b4d0bebb5362d56328f76e","",1,1585909279,"","","","",""
"5e870e1f-086c-44ee-8e0a-33254408d3d7",285147,"Payload delivery","sha256","8dca973cccf5073a9f53f055fa275215520ba67416b5d206c673df533532efe5","",1,1585909279,"","","","",""
"5e870e1f-46c8-472f-a6fa-33254408d3d7",285147,"Payload delivery","sha256","9913afe01dc4094bd3c5ff90ca27cc9e9ef7d77b6a7bdbf5f3042a8251b96325","",1,1585909279,"","","","",""
"5e870e1f-7b38-446c-85d2-33254408d3d7",285147,"Payload delivery","sha256","17864c4e21c0ebaf30cca1f35d67f46d3c3c33a5b8ea87d4c331e9d86d805965","",1,1585909279,"","","","",""
"5e870e1f-c234-46eb-9f50-33254408d3d7",285147,"Payload delivery","sha256","36bd705f58c11c22529a9299d8c0c1a33cf94fb9b7cce0a39a79e4d8f523308d","",1,1585909279,"","","","",""
"5e870e1f-5554-42b2-9803-33254408d3d7",285147,"Payload delivery","sha256","1b18d04d4ca37ecc25bd8d4f229121c89a57c80615d40ff94868f380cdfaed7c","",1,1585909279,"","","","",""
"5e870e1f-a910-479a-b6d4-33254408d3d7",285147,"Payload delivery","sha256","b0bd94cf4f409bb5ba2661d875e0488e59492c95a539508172e2670d74feb0ea","",1,1585909279,"","","","",""
"5e870e20-9f84-43ae-ab41-33254408d3d7",285147,"Payload delivery","sha256","b9ff00a4b426742892e21601a68b19ffa44668f3274ec250e60843c3224b6b42","",1,1585909280,"","","","",""
"5e870e20-3bd0-4c6b-a351-33254408d3d7",285147,"Payload delivery","sha256","4f5bb92d861601642aec31ecbd7864b2dcca9027ef3ff7256c0d12915580181b","",1,1585909280,"","","","",""
"5e870e20-baa8-409c-8a63-33254408d3d7",285147,"Payload delivery","sha256","2a5f9e5d72b4841538a73ee2556865d8ed76e3da38571f00148368874edf55c8","",1,1585909280,"","","","",""
"5e870e20-01f4-4c90-a5f0-33254408d3d7",285147,"Payload delivery","sha256","708922215acc1ddbe35a9549afce408aaa0aa74caa78feca96150e755ebf7b98","",1,1585909280,"","","","",""
"5e870e20-a728-4025-b286-33254408d3d7",285147,"Payload delivery","sha256","03e46ba0d430afd4c85eaef47dcb38faf8cd7ef78ef25f8aa911c216a598245c","",1,1585909280,"","","","",""
"5e870e20-5f48-44c3-a7af-33254408d3d7",285147,"Payload delivery","sha256","cbb016cab1718c610f2bd98e0190bb5a426a2de38ddfccfec86196294e47bca0","",1,1585909280,"","","","",""
"5e870e20-482c-409a-b40a-33254408d3d7",285147,"Payload delivery","sha256","2ebe4c68225206161c70cf3e0da39294e9353ee295db2dc5d4f86ce7901210c5","",1,1585909280,"","","","",""
"5e870e20-e2cc-4f0b-be4e-33254408d3d7",285147,"Payload delivery","sha256","947bddf40d6dcf4cbbf174b2067a9f5e09fa2eb03d039974feba1d398ddeb184","",1,1585909280,"","","","",""
"5e870e20-16e4-446b-a25f-33254408d3d7",285147,"Payload delivery","sha256","3207b5da6ecf0d6ea787c5047c1e886c0ee6342a5d79e4bcb757e7e817caa889","",1,1585909280,"","","","",""
"5e870e20-8aac-48e7-9548-33254408d3d7",285147,"Payload delivery","sha256","ee3a8512f4109ec7a21831aee68ba53fb431d5eac613b66bf9877f50118c0cd4","",1,1585909280,"","","","",""
"5e870e20-4dd4-4008-b644-33254408d3d7",285147,"Payload delivery","sha256","9caae99f53cc1446f04703754fa03b98a6303882e0999653c2c5fbfe656e3164","",1,1585909280,"","","","",""
"5e870e20-e4fc-4e60-afd5-33254408d3d7",285147,"Payload delivery","sha256","cfe5682a41c5b4a3fd9c09070262171a05e0ce99868ef0e2058a5d65385ed681","",1,1585909280,"","","","",""
"5e870e20-9cbc-46ab-a050-33254408d3d7",285147,"Payload delivery","sha256","1ac0c87c3ff27dc6d630cb3f543311fb48edfc88d33470836438b1d388ae9687","",1,1585909280,"","","","",""
"5e870e20-37dc-4a02-b19a-33254408d3d7",285147,"Payload delivery","sha256","57a73c98866cd1aa0e57b84c0a13a54901077d23b6683d16b713d652d74fd1c7","",1,1585909280,"","","","",""
"5e870e20-1f8c-4e66-a258-33254408d3d7",285147,"Payload delivery","sha256","f2c6e0a2500876a3426b191cfbd3b65625bb182f23fda68d256f56a644f4f123","",1,1585909280,"","","","",""
"5e870e20-fda0-4d62-a45d-33254408d3d7",285147,"Payload delivery","sha256","92981ed851493d6897339df02a77799645a0edf078daa8cf6cf09293f0801b7c","",1,1585909280,"","","","",""
"5e870e20-327c-4742-9f23-33254408d3d7",285147,"Payload delivery","sha256","084da93689b04f0a162bcd6fa2d43937f84182ac94d40b871d8650d89501c2bd","",1,1585909280,"","","","",""
"5e870e21-ea88-45e3-978d-33254408d3d7",285147,"Payload delivery","sha256","e563bfae9ee7effe4c9766ded059dc2e91f7f76830973dfdadfb203c47fe8c2a","",1,1585909281,"","","","",""
"5e870e21-36f8-4764-bd81-33254408d3d7",285147,"Payload delivery","sha256","a77beff2bf75a2a82b7c96438e9c55e2839cba2ea057892422b714876b8def58","",1,1585909281,"","","","",""
"5e870e21-1bec-41bb-a06f-33254408d3d7",285147,"Payload delivery","sha256","d341571f9b8ea62f52b9563ca1fb77bee5127a2a5b93d00682622eb116db0275","",1,1585909281,"","","","",""
"5e870e21-d490-42df-97b1-33254408d3d7",285147,"Payload delivery","sha256","510c0746a5d8b0175e80e2fbbbfbf194c8e20e56cccd5a9ec5fac4ad2e2f77f7","",1,1585909281,"","","","",""
"5e870e21-4ee0-4ea8-9487-33254408d3d7",285147,"Payload delivery","sha256","e070a88883634bf7105f9744123adfd3890947e8da4754d2560293e68f809f10","",1,1585909281,"","","","",""
"5e870e21-6f4c-4b9b-b3e9-33254408d3d7",285147,"Payload delivery","sha256","44c6edb224810748a0b15512a47647f5e35157fdaa30357d2820c1eb250273e4","",1,1585909281,"","","","",""
"5e870e21-8ef0-42a4-a498-33254408d3d7",285147,"Payload delivery","sha256","db25fd682243d4449c423a57591bd0d69a98f3e6149b815e6c556a76b5fbb71a","",1,1585909281,"","","","",""
"5e870e21-bdec-4725-91bb-33254408d3d7",285147,"Payload delivery","sha256","405df2b5aa985c8386d347b6e7f269e546231a02abd1e793ae792010248bc9da","",1,1585909281,"","","","",""
"5e870e21-69e0-46f0-b09d-33254408d3d7",285147,"Payload delivery","sha256","081444b3b8b82c06c631d3106859ab530435af68292a8009c4b6eb2285cb9929","",1,1585909281,"","","","",""
"5e870e21-ad78-4dbe-b4bc-33254408d3d7",285147,"Payload delivery","sha256","a380640490d3aa7380255ed9269bb967a4daee6d2d20353a50154e7e6d399746","",1,1585909281,"","","","",""
"5e870e22-36cc-463a-9492-33254408d3d7",285147,"Payload delivery","sha256","fe244ab332b490623a8a313a8b64a1d280f3e03b2457f6c3235d01ee8f21c701","",1,1585909282,"","","","",""
"5e870e22-8554-4313-98bf-33254408d3d7",285147,"Payload delivery","sha256","abf148370f7cc9c16e20c30590a08f85208f4e594062c8a9e59c0c89cd8ff43f","",1,1585909282,"","","","",""
"5e870e22-37e0-4ef7-b907-33254408d3d7",285147,"Payload delivery","sha256","034b86e971f24282bd0c1b74a257c7c60ec7d83fa45ac5d5321e7c436675be89","",1,1585909282,"","","","",""
"5e870e22-6b08-451d-87f6-33254408d3d7",285147,"Payload delivery","sha256","859e8f98203fa9b8fb68cf1e4c6f9a1143c970bd2830601841b83ee49b2a72ba","",1,1585909282,"","","","",""
"5e870e22-5dfc-4301-bcf3-33254408d3d7",285147,"Payload delivery","sha256","2e436f4277a6cac69c5b484284160559752ef0679e27e2af8112e78c9074a17c","",1,1585909282,"","","","",""
"5e870e22-8c74-4b41-9b48-33254408d3d7",285147,"Payload delivery","sha256","6be9cc0bda98fee59c94d687c293b83f1b41588ca991f35328f4d56c9c1f38e4","",1,1585909282,"","","","",""
"5e870e23-3058-46dc-9a86-33254408d3d7",285147,"Payload delivery","sha256","29ba2b8099985501ae9aafa964daeca66d964e9fbc1d0025928b49fcae0efb63","",1,1585909283,"","","","",""
"5e870e23-1224-4b37-ab6e-33254408d3d7",285147,"Payload delivery","sha256","a08dc1e27b9e92ba70dcd2bce611fa51ec3601e4a2e7cdbb7713b656160c3773","",1,1585909283,"","","","",""
"5e870e23-c374-4560-937f-33254408d3d7",285147,"Payload delivery","sha256","f854d7639a5db4c42b51aecd541aaf61879591adf42ebcba068f3b111fb61a34","",1,1585909283,"","","","",""
"5e870e23-0704-4ef7-8574-33254408d3d7",285147,"Payload delivery","sha256","4cf87dd16d57582719a8fe6a144360f3dfa5d21196711dc140ce1a738ab9816e","",1,1585909283,"","","","",""
"5e870e23-1fc8-4548-9afc-33254408d3d7",285147,"Payload delivery","sha256","15084aa0f30f5797bd666f18d0992dfcdb1c080c8d25cf2f6d97f9166e45b93b","",1,1585909283,"","","","",""
"5e870e23-9408-4b42-bf11-33254408d3d7",285147,"Payload delivery","sha256","7c638c17b3fc92393c421dff34a1c9245c26f9526fb20699af567e6a38535a06","",1,1585909283,"","","","",""
"5e870e23-16a0-4915-b24c-33254408d3d7",285147,"Payload delivery","sha256","fb81f82121f9604a664925790e83763f7dceb2adaa4aeafaf8af24f7986e1f12","",1,1585909283,"","","","",""
"5e870e23-dee0-4a6a-abde-33254408d3d7",285147,"Payload delivery","sha256","a41949b9cddc2838534c0f70c0a615a7135fc95e452270ff661247a60d6b638d","",1,1585909283,"","","","",""
"5e870e23-1480-4259-9bc5-33254408d3d7",285147,"Payload delivery","sha256","3aeaf37af33b92dfa62489250ec2857d6bab1098fcf356cdb58e05efabe359cb","",1,1585909283,"","","","",""
"5e870e23-4070-4d3e-a944-33254408d3d7",285147,"Payload delivery","sha256","9f2a0b1553f8b2e1a5c0c40023ac9abed76455cdb0f5a346601088615606eac0","",1,1585909283,"","","","",""
"5e870e23-e8bc-40bb-afd8-33254408d3d7",285147,"Payload delivery","sha256","068575719283c1e33abb8530340d7ac0b4d44b15da1ee0877c03537216df3001","",1,1585909283,"","","","",""
"5e870e24-f920-45ea-a453-33254408d3d7",285147,"Payload delivery","sha256","9574f57f7a4192f0507fa3361fb3e00e1f1101fdd818fc8e27aaba6714cd373c","",1,1585909284,"","","","",""
"5e870e24-df04-4053-a8a6-33254408d3d7",285147,"Payload delivery","sha256","98f260b52586edd447eaab38f113fc98b9ff6014e291c59c9cd639df48556e12","",1,1585909284,"","","","",""
"5e870e24-6780-4cc8-a6ba-33254408d3d7",285147,"Payload delivery","sha256","30ad724c9b869ff9e732e95c7e3b94a0d118297c168ffd4c24bac240e0cba184","",1,1585909284,"","","","",""
"5e870e24-f148-4618-a636-33254408d3d7",285147,"Payload delivery","sha256","d041cc7e2e9d8d6366b28abc0428b7d41ad75bcfb67631830a838c32e49fd365","",1,1585909284,"","","","",""
"5e870e24-a844-4b6a-877a-33254408d3d7",285147,"Payload delivery","sha256","88fcdfd4c89a9d3108582e5746b58beda9e538f357f3b390a008a7e5925c19f5","",1,1585909284,"","","","",""
"5e870e24-5d60-4df8-a17f-33254408d3d7",285147,"Payload delivery","sha256","9b5a42c4dbb2df3e1457e8a7bdbe93a2a4b4382a4de70077ace34a3c5a04ba1f","",1,1585909284,"","","","",""
"5e870e24-fe58-469c-876b-33254408d3d7",285147,"Payload delivery","sha256","2497543441cf35647afa60d6bc76825cfebf24e3421fbe101b38838aed63ba21","",1,1585909284,"","","","",""
"5e870e25-e25c-4774-884a-33254408d3d7",285147,"Payload delivery","sha256","5e2c0b6d2f74605f11047a6b6ebff7026035471bccd3e2c6ba03df576eef08cd","",1,1585909285,"","","","",""
"5e870e25-f210-4d29-a79c-33254408d3d7",285147,"Payload delivery","sha256","aaaa143d3636133fa952b79f3e447264a56a4db223a046906b95802e50a359f9","",1,1585909285,"","","","",""
"5e870e25-37c8-4435-97b0-33254408d3d7",285147,"Payload delivery","sha256","0c18068dab291fcdd5a9aa94fb6cb07b8aeec1e4ecbab3746c3b0586e7bbd692","",1,1585909285,"","","","",""
"5e870e25-eed4-4a52-9951-33254408d3d7",285147,"Payload delivery","sha256","36e66c1d562af0df6c493cb998b24f8b52da55452dce6514d92e14ee64ab41c6","",1,1585909285,"","","","",""
"5e870e25-7f24-4dfe-8038-33254408d3d7",285147,"Payload delivery","sha256","2160391fc7c69bc30dea5c4e0e3e6ca2045d021087d4f1170d74eacedae9ebd2","",1,1585909285,"","","","",""
"5e870e25-fc98-4534-89a9-33254408d3d7",285147,"Payload delivery","sha256","b01054d750aaa982359bee75707847f30df668135ca139e25b142e18f8cf2f51","",1,1585909285,"","","","",""
"5e870e25-ea58-4d05-a334-33254408d3d7",285147,"Payload delivery","sha256","97c5eeddaaa99a578a94609a69be099d7ac61f4d797f14a5f9a696566205366e","",1,1585909285,"","","","",""
"5e870e25-5fb0-45a7-836e-33254408d3d7",285147,"Payload delivery","sha256","c5d43698296b4e9b9f7491669b7b20ef651302593c72b827462c08c9d6e76ae3","",1,1585909285,"","","","",""
"5e870e25-6564-41ce-96bc-33254408d3d7",285147,"Payload delivery","sha256","d5b4f6cd5c6d142cdcfeca789b58942ee01270cb52de1d0f4c8d3cb7f44fa6e4","",1,1585909285,"","","","",""
"5e870e25-b588-445e-91c3-33254408d3d7",285147,"Payload delivery","sha256","e04d28b43fcc11ef8869641c2795774ae139ee6ed06c295c772d8a4f2381e831","",1,1585909285,"","","","",""
"5e870e26-1f78-4293-8cea-33254408d3d7",285147,"Payload delivery","sha256","1d3f2ba1c701ecf04c288b64d9f2470c6f58744d5284174c1cb8e8b3753f3fae","",1,1585909286,"","","","",""
"5e870e26-67cc-403d-9682-33254408d3d7",285147,"Payload delivery","sha256","45c3faeb8cdd2cbdcf6161f05b2e72aba7927594138da693b0020f24db9e60d8","",1,1585909286,"","","","",""
"5e870e26-6670-41e5-909b-33254408d3d7",285147,"Payload delivery","sha256","4402b31f717bfe82498d162adac0c9b4f5a9ca413c883ac94ab8e322c50f11db","",1,1585909286,"","","","",""
"5e870e26-a638-4be6-8b44-33254408d3d7",285147,"Payload delivery","sha256","a3cb6814fcdb42517728815c875f2dc169ac7b15f615b971eff209c4e2937527","",1,1585909286,"","","","",""
"5e870e26-14ac-487f-8602-33254408d3d7",285147,"Payload delivery","sha256","0a14d4313ded36716d9de16b8487ac91b0dcf6a77c9f0c21531916c31a0a5ee9","",1,1585909286,"","","","",""
"5e870e26-b808-45bd-ade6-33254408d3d7",285147,"Payload delivery","sha256","735ef043f3f64a9c57ba938dddc6fdac60ed30fa746a728635835c7162729710","",1,1585909286,"","","","",""
"5e870e26-38a0-4401-a0d8-33254408d3d7",285147,"Payload delivery","sha256","92cf38b5bee56490871c19e1ee31239c550a0eb6d177a37d02079465be9e4f7d","",1,1585909286,"","","","",""
"5e870e26-debc-4bea-a7df-33254408d3d7",285147,"Payload delivery","sha256","4b4feffb0783aca42f0e9c38961340a76b4a2b3fd324f71e764a88ab500f1372","",1,1585909286,"","","","",""
"5e870e26-7014-4986-b1e8-33254408d3d7",285147,"Payload delivery","sha256","5a022aba75d4986adedb1a5fb62fce8946d43f06846f663a851ba93e9e317f8c","",1,1585909286,"","","","",""
"5e870e26-6894-4f53-abc4-33254408d3d7",285147,"Payload delivery","sha256","3ae7d44569b2885de360c0e6c3448772f74c1c3ff4ee3f594053a95bfc73850f","",1,1585909286,"","","","",""
"5e870e26-407c-4a34-b0c6-33254408d3d7",285147,"Payload delivery","sha256","42e9356feb10e5814fb73c6c8d702f010d4bd742e25550ae91413fa2a7e7c888","",1,1585909286,"","","","",""
"5e870e26-ffe4-480a-8f6d-33254408d3d7",285147,"Payload delivery","sha256","bf6b8563773f7a05de33edcb1333d9e39e5bc60c91d111d3fb4ec7f5cfbb6c43","",1,1585909286,"","","","",""
"5e870e26-d724-47b3-a944-33254408d3d7",285147,"Payload delivery","sha256","842b92ed20115ff28fd5b8b204e80e88168594aa5ce44c288a560ec6f907516a","",1,1585909286,"","","","",""
"5e870e26-c85c-4458-b700-33254408d3d7",285147,"Payload delivery","sha256","eedefda5ff588f0b194b97a0244d6d3e4892b9a5f1539b33aa0fa86a47be7ea1","",1,1585909286,"","","","",""
"5e870e26-0974-471d-bfca-33254408d3d7",285147,"Payload delivery","sha256","d398280940af9fcb5aad2f0eb38d7b00b9d241ad1c4abfe3ca726accded70e2a","",1,1585909286,"","","","",""
"5e870e26-6f44-410e-a1bc-33254408d3d7",285147,"Payload delivery","sha256","6e18acc14f36010c4c07f022e853d25692687186169e50929e402c2adf2cb897","",1,1585909286,"","","","",""
"5e870e26-47e8-4382-a33c-33254408d3d7",285147,"Payload delivery","sha256","8e056ccffad1f5315a38abf14bcd3a7b662b440bda6a0291a648edcc1819eca6","",1,1585909286,"","","","",""

