Host,apkpure.com
Host,slidetracking.ru
Host,postway12.ru
Host,traffic2015.ru
Host,francia-apk.ru
Host,traff16.ru
Host,update-free-andr-6.ru
Host,6-androdid.ru
Host,freeupgrade6.ru
Host,innotion.pw
Host,bugtracking.biz
Host,bugstracking.xyz
Host,alfabrong.eu
SHA256,c60916b79e51182837f4833ae650b2abe2f7fce6eeb2f41f4ff248c6e1ec43a2
SHA256,40c30ab35455b8920d08989d2695f04178c8145e9929ed7dbcd95acc2507faa7
SHA256,5bfc6a02d594a8cc22bc4ed7b64e9986105a2a4992bd44cee18738182bafed60
SHA256,e9dfb3a432d9e54d344515ff000d94be48322f2d2c4f102a6a319768b7248c0b
SHA256,9c177189b981752c9cf89d5435c9d37c3b6441c02efb7d012426885747b7ac99
SHA256,705aeb71b7134d747853a3e65f0bf492d0af0dc2aab73f1a7ccc66e2a773fa84
SHA256,b44f7ae39cc6320a804174a5825d0f8fd74a6e519985f83397fe25bb12af99b1
SHA256,0d4ea10179d293666b637bbda385b7d9dd248dc998e5875ed2dddd0280fdff55
SHA256,95a3db31fc19a90f76a4a27ae87321b4d6b9b0122509258b5b87c1c5ee6f0e09
SHA256,d0f5ab874383a24fac7fcabb9fba2ffcbbafffb7dfe6dbb7b5224ecf7d443aa3
SHA256,3c9d303e375ee3125593035d4e861ee94b2340b9778c10a9b33871aaa4d727e5
SHA256,69d93b6e50d7d684af932691c65ab396f8ae6da4a4081a171eb233e3d8dabffd
SHA256,2a5fba694f60a249bf78d88c73223c60b6528c231b7579f59b8d57c67605cc8f
SHA256,1593900445f84ffc225fc1399a563644a31e0963aa70bd1317195970706a7942
SHA256,ab8abfe7420777eeb02b8d40c2f012dcea36737ffd616deb20d926cff727fdc0
SHA256,2b32a6c4aa09209ebe203cc305ca3c6970bd6025d4604a1b7458b1a0bc7f9bf7
SHA256,1980d5b3d8f1e30fdf0831fa2db059f1f1dd2dc749541ba3792e7093541e7958
SHA256,771946d95b38b8204562befd427fa45fd29fdfccb987bc0b33e796f4a1cbb5b0
SHA256,f2f2ebe7a709f0456a40dfba8eaf66af09fb2a9ed50845e1a5c24e8b78ddbb0c
SHA256,a9aef90cac11bc1f1635abde02be018a76ef4a876369d46349c5301c742597b3
SHA256,c0a6ec3f8850676c875eb9a151f33c319950f6a8260c469874e5a30fea0b6643
SHA256,d19ff00c8933e8fd23cfa1fb62615d18330fe43bc369492034f5755c69bf4f1c
SHA256,4ece7dc532ad074837d141c245177ad4ba38215a9dee8093970cd671f998d130
SHA256,29582ec3eb0fd77ed5a88d4dee68d5ad06299b014fa9d9f5acb35dd2282ae21e
