URL,http://en.pudn.com/downloads27/sourcecode/windows/control/detail85571_en.html
Host,en.pudn.com
MD5,b6e232d8ac1841fa87ebbd15bebec1ce
MD5,0d796cd23d03500879799f586136d548
MD5,14c761471b2659d5a63cfee50eca029d
MD5,14fe9b39dbe3017c2a6351b49f5a344a
MD5,a9d385ac73119c26f62f312801d46499
MD5,ebf2de1a6552b0342d57286472ff7200
MD5,1340319fc03aa4313651301814d0d635
MD5,1344557ff83e92384894f7f7f8b94fbd
MD5,158e28794b970a477c5cf01a402bf3f0
MD5,6620235fced076d1d7ce9b1c7c58967b
MD5,b1121d10573440735f0db22b85a4a634
