MD5,2E63ED1CDCEBAC556F78F16E8E872786
MD5,9421D13AA5F3ECE0C790A7184B9B10B3
MD5,97FE2A5733D33BDE1F93678B73B062AC
MD5,0BC232549C86D9FA7E4500A801676F02
MD5,12F8354C83E9C9C7A785F53883C71CFC
MD5,142B50AEAEBE7ABEDA2EC3A05F6559B6
MD5,1E479D02DDE72B7BB9DD1335C587986B
MD5,209470139EE8760CA1921A234D967E40
MD5,3EA3435FC57CECB7AD53AEE0BBE3A31D
MD5,4AF0B2073B290E15961146E9714BD811
MD5,6360DDC19A858B0CE3DB7D1E07BC742F
MD5,710A39FA656981A81577D2EE31B46B18
MD5,719A7315449A3AE664291A7E0C124F0A
MD5,822F13D2A8AE52836BB94D537A1E3E3C
MD5,864EC7ED23523B0DC9C4B46DE3B852D1
MD5,8675174A45AABC8407C858D726ABB049
MD5,8A6A6ADCDE64420F0D53231AD7A6A927
MD5,96432AC95A743AC329DF0D51C724786F
MD5,AD2A5B0AF9B3188F42A5A29326CDDB0E
MD5,B4F788E76E60F91CF35880F5833C9D27
MD5,B86297F429FFBC8AFD67BDDD44CBB867
MD5,D57DF8C7BA9F2119660EA1BCE01D8F4A
MD5,E5BEF07992F88BCF91173B68AC3EA6BC
MD5,E7399EDE401DA1BACB3D2059A45F0763
