URL,http://gandcrabmfe6mnef.onion
SHA256,9a80f1866450f2f10fa69b1eb8747c344d6ef038468014c59cc50497f9e4675d
SHA256,d9466be5c387eb2fbf619a8cd0922b167ea7fa06b63f13cd330ca974cae1d513
SHA256,43b57d2b16c44041916f3b0562712d5dca4f8a42bc00f00a023b4a0788d18276
SHA256,786e3c693fcdf55466fd6e5446de7cfeb58a4311442e0bc99ce0b0985c77b45d
SHA256,f5e74d939a5b329dddc94b75bd770d11c8f9cc3a640dccd8dff765b6997809f2
SHA256,8ecbfe6f52ae98b5c9e406459804c4ba7f110e71716ebf05015a3a99c995baa1
SHA256,e454123d852e6a40eed1f2552e1a1ad3c00991541d812fbf24b70611bd1ec40a
SHA256,0aef79fac6331f9eca49e711291ac116e7f6fbaeb5a1f3eb7fea9e2e4ec6a608
SHA256,3277c1649972ab5b43ae9e87087b70ea4825956bfdddd1034f7b0680e6d46efa
SHA256,a92af825bd95b6514f22dea08a4eb6d3491cbad45e69a5b9653b0148ee9f9832
SHA256,ce093ffa19f020a2b73719f653b5e0423df28ef1d59035d55e99154a85c5c668
SHA256,a1aae5ae7a3722b83dc1c9b0831c973641b246808de4f3670f2fd916cf498d38
SHA256,3b0096d6798b1887cffa1288583e93f70e656270119087ceb2f832b69b89260a
SHA256,e8e948e36fed93061062406693d1b2c402dd8e5788506bfbb50dbd86a5540829
