Host,photobucket.com
Host,toknowall.com
SHA256,50ac4fcd3fbc8abcaa766449841b3a0a684b3e217fc40935f1ac22c34c58a9ec
SHA256,0e0094d9bd396a6594da8e21911a3982cd737b445f591581560d766755097d92
SHA256,9683b04123d7e9fe4c8c26c69b09c2233f7e1440f828837422ce330040782d17
SHA256,d6097e942dd0fdc1fb28ec1814780e6ecc169ec6d24f9954e71954eedbc4c70e
SHA256,4b03288e9e44d214426a02327223b5e516b1ea29ce72fa25a2fcef9aa65c4b0b
SHA256,9eb6c779dbad1b717caa462d8e040852759436ed79cc2172692339bc62432387
SHA256,37e29b0ea7a9b97597385a12f525e13c3a7d02ba4161a6946f2a7d978cc045b4
SHA256,776cb9a7a9f5afbaffdd4dbd052c6420030b2c7c3058c1455e0a79df0e6f7a1d
SHA256,8a20dc9538d639623878a3d3d18d88da8b635ea52e5e2d0c2cce4a8c5a703db1
SHA256,0649fda8888d701eb2f91e6e0a05a2e2be714f564497c44a3813082ef8ff250b
SHA256,f8286e29faa67ec765ae0244862f6b7914fcdde10423f96595cb84ad5cc6b344
SHA256,afd281639e26a717aead65b1886f98d6d6c258736016023b4e59de30b7348719
