Host,o2.pl
MD5,a52f26575556d3c4eccd3b51265cb4e6
MD5,ba53d8910ec3e46864c3c86ebd628796
MD5,c2da604a2a469b1075e20c5a52ad3317
MD5,7e3f8b6b7ac0565bfcbf0a1e3e6fcfbc
MD5,3b200c8173a92c94441cb062d38012f6
MD5,438ebec995ad8e05a0cea2e409bfd488
MD5,16bcc3b7f32c41e7c7222bf37fe39fe6
MD5,e11502659f6b5c5bd9f78f534bc38fea
MD5,9cad8641ac79688e09c5fa350aef2094
MD5,164f72dfb729ca1e15f99d456b7cf811
MD5,52340664fe59e030790c48b66924b5bd
MD5,174e3d9c7b0380dd7576187c715c4681
MD5,3ebca21b1d4e2f482b3eda6634e89211
MD5,a1d732aa27e1ca2ae45a189451419ed5
MD5,e8c7c902bcb2191630e10a80ddf9d5de
MD5,4da135516f3da1c6ca04d17f83b99e65
MD5,a5bc1f94e7505a2e73c866551f7996f9
MD5,b3d3da12ca3b9efd042953caa6c3b8cd
MD5,faf4de4e1c5d8e4241088c90cfe8eddd
MD5,dece7ebb578772e466d3ecae5e2917f9
