Host,ruxcon.org.au
MD5,4CF9863C8D60F7A977E9DBE4DB270819
MD5,5EEFBB10D0169D586640DA8C42DD54BE
MD5,69A2B582ED453A90CC06345886F03833
MD5,74172E8B1F9B7F9DB600C57E07368B8F
MD5,86C47B9E0F43150FEFF5968CF4882EBB
MD5,89F87F60137E9081F40E7D9AD5FA8DEF
MD5,8A33BF71E8740BDDE23425BBC6259D8F
MD5,8DCCC9539A499D375A069131F3E06610
MD5,924B7FB00E930082CE5B96835FDE69A1
MD5,B60E085150D53FCE271CD481435C6E1E
MD5,BC7923B43D4C83D077153202D84EA603
MD5,C1A7315FB68043277EE57BDBD2950503
MD5,D2095F2C1D8C25AF2C2C7AF7F4DD4908
MD5,D5A07C27A8BBCCD0234C81D7B1843FD4
MD5,E0573E624953A403A2335EEC7FFB1D83
MD5,E1677A25A047097E679676A459C63A42
MD5,F0BC5DFD755B7765537B6A934CA6DBDC
MD5,F6526E6B943A6C17A2CC96DD122B211E
MD5,CDB73CC7D00A2ABB42A76F7DFABA94E1
MD5,D4EB24F9EB1244A5BEAA19CF69434127
