SHA256,129a0f0f4dd667e3ecbcc252b890f306eb041ad0295cb1511343c307c12a658d
SHA256,29aef790399029029e0443455d72a8b928854a0706f2e211ae7a03bba0e3d4f4
SHA256,0d0ed90929351c08c47dbd7541073d037240718c4a2fd63c09d2377090d4cd7a
SHA256,fd29001b8b635e6c51270788bab7af0bb5adba6917c278b93161cfc2bc7bd6ae
SHA256,26dfa8512e892dc8397c4ccbbe10efbcf85029bc2ad7b6b6fe17d26f946a01bb
SHA256,e1a8a38dda16a7815bd20a96f46bd978ac41f2acf927993ad965abb258123d8c
SHA256,5daf828fd452f5325c28bc145a86d3d943cd86bb13ffe35c440ebf3cd2a45522
SHA256,f298725e197f974b7a8407c5d79114a4ac322c573813d543141ccf1d9119dd8b
SHA256,b2d68a79a621c3f9e46f9df52ed19b8fec22c3cf5f4e3d8630a2bc68fd43d2ee
SHA256,f2b96f7d6f1bfd464507790120d07bba46cb4c9856399335748f93ebd52b5696
SHA256,4df67a9e8abab33856a586cea38b0d365fbbe0d91ee848f270c65f0125d2d677
SHA256,eb1470786fda58fc8291e099c7fcd5d36a04de85d1f6fe8683c1950b7119314e
SHA256,a9a147313861a5a4e7abd76b3287ce5f6183966b89c5ca95c0e0cf587f40189d
SHA256,7a456f306593a051bea004493f073bb54c5135d8ce3c428f2433c877afd858f3
SHA256,c677014c312b87da89362fbd16f7abf7ba5546220000bfdaa0f77bba1edf5144
SHA256,167bf2356e65b04407cd2d8299a9b315f213808b04c341f6aad5820fc46a3c49
SHA256,74fd9bbdd8a484640e4b0405a1da84734a0a9c2604ac1b0a39fa2e28b0c12614
SHA256,c21ecd18f0bbb28112240013ad42dad5c01d20927791239ada5b61e1c6f5f010
SHA256,3ba905e1cda7307163d4c8fe3fd03c2fbce7eda030522084e33d0604c204630e
SHA256,0d7ee7ce88e790ad66aa53589f5a2638207bc3adf2eb4f8a813fd52b5b22ba27
SHA256,68cf2072515bb9cf6ad418615c1f52dcdf24ca1ee46d115a3de2146d1d40d59e
SHA256,82ab20f6621be1e3b6559cf357c4b894965cd559546611e950e5d6969d08f62d
SHA256,e19e90b0626a2a679398594cb679cabdc05cc9a073442f9043fc7868c71f4cf6
SHA256,0ace7f5313a7872ff0f42cb597b7b1023a9bdecae5d3b6006d023ec54585fcf5
SHA256,8f06645838d3d75e44d4527e2928c71af0a7214254867379359eb3e46109cbde
SHA256,b8ac1fc0e1f6a0b04f76ea66f4f4d45c171f11486ab928d949b1c3ce104334e0
SHA256,77c6d0732cbe5f1fb1adbbf04885f40ffc7a617f0cc08bbfc0839fb399233c5f
SHA256,8c5ce574ae676e0687e803e78c52e3c8672f7dbc4a63655c1067f2849135da25
SHA256,6082f79e85694bfa247dcb9fae7c5661f2ee2398e990a298de987615175755ad
SHA256,84b8dbafd5cd64fb300b30bf943430a18f34cad3f0d8f7251d34354fea85aab2
SHA256,12717add64ecf32d7bcb6b2662becbff6b516cf8073f399dc5e4d3615d452e89
SHA256,3b3b9a18d9b9073e9bc94a6e5367d42a2c248274daa70856e3dc4935106e4218
SHA256,e3e75e15fd7f6a8233e33c8a8e127cee36706025451644cf8618a0876fd0e95f
SHA256,882e89ea1b8d70646bdf6476d8cb46991b950f27e03e93bf49ea3209c2d69581
SHA256,0afd99c3f7593c760c4001313963f3e7fd709ca56046044033d790602a8cb378
SHA256,8c05ec2767831c22d7b910c169c42de571e11ba992a4095f16bdf4f0dccd9677
SHA256,02cb34da6e620d9428f9c8f375fe96a397464d272f723abd8296c4b420fb0e77
SHA256,c892bbba158d46b0a77addb158c7c12c2c78f177b048bd48350ee9973daa0ed3
SHA256,fd3489f6067ef7ca3999776205839424cb7349134baaeb693abcecaa2c5bf913
SHA256,444169e156b48a54e9f96b6b3a1c333670546663c8a2e14e561884c052420043
SHA256,27319e75c23693399977e92b9a7ba5680a7a9db448f93b3221840c61301604d5
SHA256,6bd34d33ccb47430751ae964ca56ec206da0fa3bdc5eb670fc54edf4c11629bc
SHA256,162ae350c47c2e14864d0c0f927bf424eb6b844017329c9b1e216f3e2d724d98
SHA256,352cd5d318e4cff15910dc70b609ef9bf1d1ee0b7f01e186bedb5e7d245e3ec6
SHA256,a760dd07a310f681cabbcbb7fe094ca0bdeb7b35270fb8e20be558fde0e5694a
SHA256,e8c5c0b70d45a5dc80d678ed7102abf9882efb9cbc2cff20f171d60d5205051d
SHA256,63ad8faf3c2b306ccd8aa7874e24e7d48e0f6bbeeb37adab26c2efa1410022c4
SHA256,b587d049e9fae11f4fe70d5f6c9007f99483f683ee55217110094206bd6a92f2
SHA256,99597a1e872c4bc2ef740522090868854bfef090d1375c4906b1696d4161834e
SHA256,4abf2d4b604ad5c3dca0006e9762562ea104e76e7c0dcfa8fddafda8b11b2eaf
SHA256,cf80fd95183ce1305becf6ea91d4ccfa0d87d923499d08939324d63c0ed22dc4
SHA256,ee531cd7011cb5c2625d40892b70cf7e3860dbb92648391068e1f340e5d6c47f
SHA256,22a5872ba6adfe449e46d9a223cb7567697e30f89d6d42095e48de3033359de3
SHA256,f2215e1a848bc5a5d172745201ea428b1d16fee7c814c5c5180a94a134592e86
SHA256,4a4c435cb63270787529355b7f48c3af14a7b3c466eafdf99fc3b9f35a83acc7
SHA256,c68fa4e70bb109d5e1270ebab3f1d64a3ad50a083f7f82e141156bdcb5f4ae16
SHA256,70e06890fa6619d761ef7bd890f4576fbd5371f06fcc8d12adb42dcb051a8490
SHA256,2bce87481a923867aa260cd8fb6c728297a90439fcdd39a2d6b3c027374d1079
SHA256,ea05ff32397418eac5e09dc60cfa5ac11bf6b613fbf4551f1113fc336a59a5ca
SHA256,d950a94534129202aa308f22d6c3d33f71af884d5556671a2b7f6ba8994cc995
SHA256,b67bc1d9c7fe0672a79076e1546827e0642901cd62f7795d7a403bc3ba4a7117
SHA256,adf29a219ba2d948dd856ee7abaa51babaa30e11ad3ca56b58e66336c3c2369f
SHA256,d2dd95ab8754841524a840a32441f1c9ff0a1d83a42e7d6540c3265c0ae307e5
SHA256,a1115fa0c74f51d35063f8d3caf1d49156ab78872c3723d5e585a4ee8e4f8370
SHA256,f7fac3c047714d6e7c00b227d5f970311437b0c0efc2c8fee23903650360d3cb
SHA256,15a4cd4a7baca3961fb0113164434c535af85cedd54744e14a4d4d7b106dd060
SHA256,8f834966a06f34682b78e1644c47ab488b394b80109ddea39fc9a29ed0d56a0c
SHA256,416556c9f085ae56e13f32d7c8c99f03efc6974b2897070f46ef5f9736443e8e
SHA256,de04d2402154f676f757cf1380671f396f3fc9f7dbb683d9461edd2718c4e09d
SHA256,f93209fccd0c452b8b5dc9db46341281344156bbedd23a47d2d551f80f460534
SHA256,e167717c47bc2776217b5cd16fe7ad8a7228d626b3a452b2c8664f9c1c057b66
SHA256,2c245db9fb9b2c6e84832662dda3dfff3c6b21128d9fec115f5b989fb090841d
SHA256,c4caea881cd172eeae2583685e5b64d2d58906f8d8d822a0935d38b845a1549e
SHA256,612bdfbce37325a64a690a05147d7939af2cc98f23d7df3d5193efdc68f1055f
SHA256,940d411e8f6c3aecfebc74614f856b892aaf0ad546b0aeec4152a75711a4267c
SHA256,59ba11aa5b9a4d2ef80d260b9e51f605d556781b8ce682443ad1e547898eb0a6
SHA256,e1650d31f00d38b98cf8aa48a2e5fdd4bb30dd1177546abe3053bdcff25cefcc
SHA256,bcfea74dfd80219fab2d4412e542355b185bf586f9de74d6c79962bd079ac6d8
SHA256,f83c464d3e4a1dc2f5219c83eb42f37e0cc67a6dde8ce6e11e3e9d50fed2572a
SHA256,750a8e4f994a9ef9fc0b37a4d171b46457e1455195a1f8c1e926d354125f6470
SHA256,9c6d7dbe229d4257bc12df969637e773472892d80129416239d7a11edc7c7e82
SHA256,ee2adb9c2b811b2208ea26e3c42a7bd262dcb264c574d37819e5dd58fdffa7a0
SHA256,60deeaf4df6f3ca05f445a72664c95dd6aa66584716253f7b86cef516e13016a
SHA256,0681c37cfbb640a08028c3ba49e92dc82268f8ad2aa865b86efafc834ade3682
SHA256,2f7d3150401b77786a8992e27dc1986746503fb96b2def5bb9133ea184f0980c
SHA256,4ac695f8ca6f75d7498efa8e9d8c8bd60e0fdb0ee4ea6ce7c2bea7f608a779c5
SHA256,35a58ff2a8a0035fdf58b5178f43cb146539a25d1b8e14c3b455b5209c9ad281
SHA256,4863840ed49a1779ad7acc7fbfa1ee80c531813f05c73be76c5ae2807a9036b3
SHA256,4158ad6eca8c3087ed221953f7a69d3d40a772c5af415f32e110a46da8a9f8ac
SHA256,b7c7fa9b74aacf331871a9e5438678bce46002618fa106429225161d94e22e44
SHA256,164bfc62fd0ac64da9852b818172d3b1f536e39e12383339a2c06e1b58193df8
SHA256,7aac112635cbde748a97b38f6a52aaebbc3f0050f81cf36ccdc6c294c214fd73
SHA256,d267adf0296ae16863b33045222c6354b28716e0277857f22f98282447c23e53
SHA256,fd7662ec8ce578db39b2144554058ce59a891b89c243785bc47e6a086974952c
SHA256,cb50f7879959d6233628e746b02572ce199fffc49f847d78c09ec6f2a4320886
SHA256,71768f2099e7c880dfd25b5e20df9424d0967689abe6fd7cf4896941b8977cb0
SHA256,5b0aa6ccddf29703fe8a7799ca1b6dc56c8c3868538022861c932888bbe36fb6
SHA256,6d256dd985964d8e0586d6b0c8deada02f100d9cbb26e8d1af2fbba907333735
SHA256,870bd7d8ee517d9a242d152b3be2d810bffcab5bbd9df78937eab251442769e4
SHA256,6887fa9f10ad20a3a78cd33335a065ac9266cd2709ffa56d9f60877cbf3170a6
SHA256,1b4875536467c7fdd5fafb5852dcc61c1f03f55a706d4a97dec56e33b7b47763
SHA256,4c60e04f097673cccf47c8d43cc5a99621f8afeeba68e52e09bec32ece43dced
SHA256,8363e95812ab1b06391d6ce50560e2e6faf0153e502433982a7fd6da5a28fa46
SHA256,71777c842bd9d6a2eb77ff6b1b1c66025fdf4572cb17cb4d16cb7baaa17856fa
SHA256,46dbb7709411b1429233e0d8d33a02cccd54005a2b4015dcfa8a890252177df9
SHA256,ccd495bae43f026e05f00ebc74f989d5657e010854ce4d8870e7b9371b0222b9
SHA256,6958222859e05632389f5ed44ed42ae6f713ad347fef17c21cee2ddec908497a
SHA256,d1f5e2987002674c50fc230000656734b0b2fa772b06be37a58dd9152ad9d1e8
SHA256,b9647e5fac4ed3c7c4e49f2af0f9f4273064a92b3825d3dc06cd29a2ca213f84
SHA256,8797a34bb0646a3e2b4a890d15850e6451ef4d4954cce3c59db4e5754ecf2ae1
SHA256,4187f12b4dd3d9eeb257e44e13dfa7109db29d2151ff1966149e14cf459693f3
SHA256,26bd35efc02e05610e9c80d1e0d513f588c33147a53b2547b1c2757b5626b432
SHA256,ae0b4b4feec2cd959ad8b10c099ed37f25d549e1a9fcbf6ffc25d65e33af6aa0
SHA256,0c753224c2467f71a9d7674d5628ebaf3264d91833654bcde16e3c100d8e752e
SHA256,83018e2387a4089c508ce901cb851158e686a9108f8dcc3d41b291815c03c114
SHA256,4952e354ceccdaa13f6e7c14e287eca13433906a00e7c4dffd96c940327f74f0
SHA256,1f234d834d4e61492821d5e34dc7180ad5009b53e253e9d3bd2c79df7899563d
SHA256,448f9d5980c6e327d5cf3e3286381df157876c7f4a748a31038d5bee5479c901
