SHA256,752c5a1fb7a0e6681639fa737e73ae6aa3a0f3b7973fe3fd59b4b2014bbcd9c2
SHA256,76f4c1f1fda795e5b0a00be3833787c568cacf5ec6ea3275dc1e6ec2a4e282a0
SHA256,cc73d5d14ff263f5a364d53d70a3dbc0a5ccddcfbfc325b4912cf00717c62271
SHA256,8c610977850dae5f3369865ed1583167556e0fa544b2de651c4ac217621d2dea
SHA256,9ccbdf2fb651fd46b4ac4437e71f89ddbfbc94d2018e871ccc534746f74e88eb
SHA256,881c5a483e9766e641437df6b2dfa79960ae353b9a90407b6ebf6ae33498edd8
SHA256,163278f8c95d8fcaa824f5d5903b54f72d1601d0f3b89e1203ebcc5b688d98ed
SHA256,4bae21211ad857bb303f32e278776d6540e9ae478e3bf5b697ae46575e4234d0
SHA256,a730e696d2c956041fe914565e1a18e0ca7f6817b5490881236b66167578f5f8
SHA256,b4bc52aabe484d4e77589cfce9cc3cb44b2af313545b8d95a130cfd0be6a8681
SHA256,3eab67208efa7a6f6f6b8bb0fd7640c2e981e44a822363974e4c2f17ced35cea
SHA256,95dd3200bdcd9c9c52a0e2a0b72ce16fd36679a1591a743bb22c50f0bb69bd43
SHA256,8cc5ab5f131ea2026d3bf5cafd8bfc0bcd4ce49dc8fed20dcdaa88e6026814b4
SHA256,d038914f2aad2a34c7b2ea196a2f528d4f38b8b6cd2954d248a366b231a34989
SHA256,aeb990c5c0cd43c39acef20ad7abaaf608f75c06128948e4a322299b88182e86
