Host,stty5.11.pl
MD5,15E8728B410BFFFDE8D54651A6EFD162
MD5,2B79534F22A89F73D4BB45848659B59B
MD5,358C48414219FDBBBBCFF90C97295DFF
MD5,3FA4E5FEC53DFC9FC88CED651AA858C6
MD5,582FCD682F0F520E95AF1D0713639864
MD5,5B43DF4FAC4CAC52412126A6C604853C
MD5,6B74F8A5B055635BD306D06F20B6D0BC
MD5,7B9E685E89B8C7E11F554B05CDD6819A
MD5,7b9e685e89b8c7e11f554b05cdd6819a
MD5,9037CF29ED485DAE11E22955724A00E7
MD5,93658B52B0F538C4F3E17FDF3860778C
MD5,9ADFD4344092826CA39BBC441A9EB96F
MD5,A72FDBACFD5BE14631437D0AB21FF960
MD5,A8DFBD54DA805D3C52AFC521AB7B354B
MD5,AA6FE189BAA355A65E6AAFAC1E765F41
MD5,AB8E4D0C0182BA9699E048B067F7F669
MD5,BC3AA0142FB15EA65DE7833D65A70E36
MD5,C4264B9607A68DE8B9BBBE30436F5F28
MD5,C9841E34DA270D94B35AE3F724160D5E
MD5,DCA13B4FF64BCD6876C13BBB4A22F450
MD5,DEA26A823839B1B3A810D5E731D76AA2
MD5,E03402006332A6E17C36E569178D2097
MD5,E3A61139735301B866D8D109D715F102
MD5,E40DE392C613CD2F9E1E93C6FFD05246
MD5,ECB429951985837513FDF854E49D0682
MD5,ECA91FA7E7350A4D2880D341866ADF35
