Host,ftspbz.net46.net
Host,nwoccs.zapto.org
MD5,04227bd0f50a0ee9db78ca8af290647a
MD5,7895e3bf8b614e4f4953295675f267eb
MD5,1ccc528390573062ff2311fcfd555064
MD5,d9e757fbc73568c09bcaa8bd0e47ad7d
MD5,9750018a94d020a3d16c91a9495a7ec0
MD5,722d97e222a1264751870a7ccc10858b
MD5,d7c20c6dbfca00cb1014adc25ad52274
MD5,b25c2d582734feb47c73e64b5e5c3c7e
MD5,24a212895b66b5482d689184298fc7d6
MD5,e9bbb8844768e4e98888c02bd8fe43d5
MD5,6fa6e2ea19b37fc500c0b08c828aacc2
MD5,ad6af8bd5835d19cc7fdc4c62fdf02a1
