MD5,c2fb8a309aef65e46323d6710ccdd6ca
MD5,2cae5e949f1208d13150a9d492a706c1
MD5,ed55997aada076dc61e20e1d1218925a
MD5,60d3185aff17084297a2c4c2efdabdc9
MD5,7361b64ddca90a1a1de43185bd509b64
MD5,97d6d1b36171bc3eafdd0dc07e7a4d2d
MD5,72bd40cd60769baffd412b84acc03372
MD5,97b41d4b8d05a1e165ac4cc2a8ac6f39
MD5,979413f9916e8462e960a4eb794824fc
MD5,956246139f93a83f134a39cd55512f6d
MD5,d98f4fc6d8bb506b27d37b89f7ce89d0
MD5,66676deaa9dfe98f8497392064aefbab
MD5,8a40172ed289486c64cc684c3652e031
MD5,cd1aa880f30f9b8bb6cf4d4f9e41ddf4
MD5,0af5b1e8eaf5ee4bd05227bf53050770
MD5,1d6d926f9287b4e4cb5bfc271a164f51
MD5,e60854c96fab23f2c857dd6eb745961c
MD5,97b7577d13cf5e3bf39cbe6d3f0a7732
MD5,18e7885eab07ebfb6d1c9303b992ca21
MD5,66b96dcef158833027fcf222004b64d8
MD5,03e9477f8da8f6f61b03a01d5a38918f
MD5,0d2022d6148f521c43b9573cd79ead54
MD5,1e439a13df4b7603f5eb7a975235065e
MD5,a0b7b80c3c1d9c1c432a740fa17c6126
MD5,dcf6906a9a0c970bcd93f451b9b7932a
MD5,973e0c922eb07aad530d8a1de19c7755
MD5,557f8d4c6f8b386c32001def807dc715
MD5,fffeaba10fd83c59c28f025c99d063f8
MD5,0037b485aa6938ba2ead234e211425bb
MD5,abeab18ebae2c3e445699d256d5f5fb1
